"dataset","threshold_type","threshold_value","n_samples","Accuracy","Kappa","Sensitivity","Specificity","Balanced_Accuracy","AUC","genes_available_from_signature","signature_size_total"
"GSE91061","fixed_0.5",0.5,49,0.612244897959184,0.152866242038217,0.6,0.615384615384615,0.607692307692308,0.670512820512821,100,100
"GSE91061","youden",0.497,49,0.612244897959184,0.152866242038217,0.6,0.615384615384615,0.607692307692308,0.670512820512821,100,100
"GSE91061","sensitivity_oriented",0.288,49,0.204081632653061,0,1,0,0.5,0.670512820512821,100,100
"GSE78220","fixed_0.5",0.5,27,0.444444444444444,0,0,1,0.5,0.611111111111111,100,100
"GSE78220","youden",0.497,27,0.444444444444444,0,0,1,0.5,0.611111111111111,100,100
"GSE78220","sensitivity_oriented",0.288,27,0.555555555555556,0,1,0,0.5,0.611111111111111,100,100
