"mtry","Accuracy","Kappa","AccuracySD","KappaSD"
2,0.917142857142857,0.834165613147914,0.091942997227788,0.184076410377743
10,0.917142857142857,0.834165613147914,0.091942997227788,0.184076410377743
25,0.889523809523809,0.779511278195489,0.0799234327468535,0.15969093350911
