"gene","n_folds_selected","importance"
"LRRC40",5,4.57268679680161
"VMP1",5,2.67442414336855
"RN7SL600P",5,1.1029569175013
"CYSLTR2",5,1.0211775523772
"MEG8",5,0.384945441078274
"GABRE",5,0.240306410519351
"MEG3",5,-0.617962491460326
